{
    "version": "1.0",
    "geometries": [
        {
            "id": 140235669497280,
            "parent_id": null,
            "type": "group",
            "position": [
                0.0,
                0.0,
                0.0
            ],
            "rotation": [
                0.0,
                0.0,
                0.0
            ],
            "scale": [
                1.0,
                1.0,
                1.0
            ],
            "name": "Group1",
            "color": [
                1.0,
                1.0,
                1.0,
                1.0
            ],
            "properties": {}
        },
        {
            "id": 140235669500016,
            "parent_id": 140235669497280,
            "type": "box",
            "position": [
                1.7715909481048584,
                0.016459576785564423,
                0.2531960904598236
            ],
            "rotation": [
                2.0,
                0.0,
                0.0
            ],
            "scale": [
                0.699999988079071,
                0.5,
                0.699999988079071
            ],
            "name": "Box1",
            "color": [
                0.800000011920929,
                0.5,
                0.20000000298023224,
                1.0
            ],
            "properties": {}
        }
    ]
}