{
    "version": "1.0",
    "geometries": [
        {
            "id": 140235669498672,
            "parent_id": null,
            "type": "box",
            "position": [
                1.7715909282799338,
                0.016459577261553664,
                0.2531960866705816
            ],
            "rotation": [
                2.0,
                0.0,
                0.0
            ],
            "scale": [
                0.7,
                0.5,
                0.7
            ],
            "name": "Box1",
            "color": [
                0.800000011920929,
                0.5,
                0.20000000298023224,
                1.0
            ],
            "properties": {}
        },
        {
            "id": 140235669500304,
            "parent_id": null,
            "type": "group",
            "position": [
                0.0,
                0.0,
                0.0
            ],
            "rotation": [
                0.0,
                0.0,
                0.0
            ],
            "scale": [
                1.0,
                1.0,
                1.0
            ],
            "name": "Group1",
            "color": [
                1.0,
                1.0,
                1.0,
                1.0
            ],
            "properties": {}
        }
    ]
}