{
    "version": "1.0",
    "geometries": [
        {
            "id": 140651396168864,
            "parent_id": null,
            "type": "group",
            "position": [
                1.0,
                1.0,
                2.0
            ],
            "rotation": [
                0.0,
                0.0,
                90.0
            ],
            "scale": [
                1.0,
                1.0,
                1.0
            ],
            "name": "Group1",
            "color": [
                1.0,
                1.0,
                1.0,
                1.0
            ],
            "properties": {}
        },
        {
            "id": 140651396168912,
            "parent_id": 140651396168864,
            "type": "group",
            "position": [
                0.0,
                0.0,
                0.0
            ],
            "rotation": [
                0.0,
                0.0,
                0.0
            ],
            "scale": [
                1.0,
                1.0,
                1.0
            ],
            "name": "Group2",
            "color": [
                1.0,
                1.0,
                1.0,
                1.0
            ],
            "properties": {}
        },
        {
            "id": 140651396372736,
            "parent_id": 140651396168912,
            "type": "box",
            "position": [
                0.0,
                0.0,
                0.0
            ],
            "rotation": [
                0.0,
                0.0,
                0.0
            ],
            "scale": [
                1.0,
                1.0,
                1.0
            ],
            "name": "Box1",
            "color": [
                0.800000011920929,
                0.5,
                0.20000000298023224,
                1.0
            ],
            "properties": {}
        }
    ]
}